"","benchmark","lang","pvalue","cliff"
"1","two sum","Python",0.00000000663710106283605,-0.8
"2","two sum","C++",0.0000000000000000169112338921448,-1
"3","two sum","JavaScript",0.00000000750072791246883,0.797777777777778
"4","string replacement","Python",0.000000000000000761005525146515,-0.984444444444444
"5","string replacement","C++",0.0000000273647788642882,0.773333333333333
"6","string replacement","JavaScript",0.0000000000000000169112338921448,1
"7","closest numbers","Python",0.0000000000000000169112338921448,-1
"8","closest numbers","C++",0.0000000000000000169112338921448,-1
"9","closest numbers","JavaScript",0.000000000198972572249743,0.857777777777778
